Site Point Name,Site Code,X,y
Black Bear Cr nr mouth,SBB00_1,-123.224449,41.204393
Black Bear Cr Air,SBBAIR,,
Butler Cr nr mouth,SBU00_1,-123.409295,41.336218
Salmon confl with Butler Cr,SBU00_2,-123.40854,41.33668
Cecil Cr near mouth,SCE00_2,-123.127483,41.139214
Cecil Cr Air,SCEAIR,-123.40854,41.33668
Crawford Cr (Salmon) nr mouth,SCF00_1,-123.138394,41.140583
Crapo Cr near mouth,SCR00_1,-123.361699,41.292286
Crapo Cr at Lower Landing,SCR02_0,-123.356625,41.293471
Crapo Cr Air,SCRAIR,-123.361349,41.292318
Eddy Gulch near mouth,SED00_1,-123.120653,41.295697
EF Salmon at EF CG,SEF00_1,-123.109692,41.15344
EF Salmon ds Taylor Cr,SEF01_4,-123.093696,41.1638
EF Salmon us S Taylor Cr,SEF02_0,-123.092973,41.172292
EF Salmon us Shadow Cr,SEF05_8,-123.066854,41.20222499
Grants Cr at Mouth,SGR00_1,-123.39532,41.33532
Indian Cr,SIN00_1,-123.23241,41.2113
Kanaka Gulch,SKA00_1,-123.2217106,41.2997906
"Knownothing Cr, EF ds Granite Gulch",SKE03_0,-123.3028,41.1947
Knownothing Cr nr mouth,SKN00_2,-123.292808,41.241816
Knownothing ds Forks,SKN02_5,-123.307,41.215
Knownothing Cr Air,SKNAIR,-123.292859,41.241751
"Knownothing Cr, WF ds Poverty Gulch",SKW03_0,-123.3278,41.2021
Little NF Salmon,SLN00_1,-123.17889,41.320582
Little NF Salmon ds Specimen,SLN02_0,-123.17284,41.345063
Little NF Salmon us Specimen,SLN03_0,-123.1736,41.3457
Little NF Air,SLNAIR,-123.179355,41.32076
Matthews Cr nr mouth,SMA00_1,-123.213933,41.186803
Methodist Cr nr mouth,SME00_1,-123.25005,41.222106
Methodist at Forks (1.25mp),SME1_25,-123.26,41.207
Methodist at Forks (1.25mp),SME1_25B,-123.26,41.207
Methodist Cr Air,SMEAIR,-123.250387,41.221962
Morehouse Cr at mouth,SMO00_1,-123.380634,41.318611
Merrill Cr nr mouth,SMR00_1,-123.473545,41.380646
Merrill Cr nr mouth,SMR00_2,-123.473261,41.380923
Merrill Cr nr mouth,SMR00_3,-123.473175,41.381268
Salmon R nr mouth,SMS00_0,-123.4928038,41.37850332
Salmon R nr USGS gage,SMS00_7,-123.476874,41.37746
Salmon R nr USGS gage,SMS01_1,-123.476884,41.377261
Salmon R ds Wooley Cr (SMS04_0),SMS04_0,-123.429431,41.374066
Salmon R us of Wooley Cr,SMS05_4,-123.420558,41.375831
Salmon R ds Nordheimer Cr,SMS13_0,-123.358975,41.297996
Salmon R us Nordheimer,SMS13_5,-123.360538,41.296008
Salmon R at Crapo Cr,SMS14_02,-123.362943,41.292343
Salmon R us Crapo,SMS14_7,-123.36261,41.289835
Salmon R ds Forks,SMS19_8,-123.329128,41.260152
Salmon R us of Wooley Cr,SMS5_0,-123.4212,41.3764
Salmon R us Grant Cr,SMS8_5,-123.39486,41.335595
NF Salmon R us Forks,SNF00_1,-123.321021,41.258607
NF Salmon at Cherry Tree,SNF05_5,-123.250247,41.288163
NF Salmon at Boulder Gulch Pool,SNF09_2,-123.202213,41.306998
NF Salmon ds Little NF,SNF11_0,-123.178568,41.316922
NF Salmon us Little NF,SNF11_4,-123.176185,41.320731
NF Salmon us Little NF,SNF11_4B,-123.176185,41.320731
NF Salmon at Sawyers Bar,SNF14_0,-123.14087,41.299461
Off-channel NF Salmon R at Sawyers Bar,SNF14_5,-123.1317,41.2971
NF Salmon ds Eddy Gulch (Holzem�s),SNF15_2,-123.12462,41.298876
NF Salmon us Eddy Gulch,SNF15_8,-123.118475,41.2962
NF Salmon ds Russians,SNF19_8,-123.062097,41.32532
NF Salmon us Russians,SNF20_5,-123.061773,41.334212
NF Salmon at Mule Bridge,SNF22_5,-123.074053,41.356744
NF Salmon at Twin Cr,SNF24_5,-123.087167,41.38182
NF Salmon us Right Hand Fk,SNF29_0,-123.110106,41.429797
Nordheimer Cr nr mouth,SNO00_1,-123.361096,41.297303
Nordheimer Cr Air,SNOAIR,-123.250387,41.221962
N Russian Cr ds S Russian,SNR00_1,-123.060445,41.325774
N Russian Cr us S Russian,SNR00_3,-123.04938,41.32882
N Russian Cr us China Cr,SNR01_0,-123.0425,41.3464
N Russian Cr at Joltass/Snowden/23mp,SNR02_0,-123.0397,41.3518
N Russian Cr us S Russian Air,SNRAIR,-123.049537,41.328971
N Russian Cr us S Russian Air,SNRAIR_CR,-123.049537,41.328971
N Russian Cr us S Russian Air,SNRAIR_UP,-123.049537,41.328971
Olsen Cr,SOL00_1,-123.2337302,41.29408798
Plummer Cr near mouth,SPL00_1,-123.213731,41.149942
Right Hand Fk of NF Salmon near mouth,SRH00_1,-123.109669,41.429933
Right Hand Fork of NF Salmon Air,SRHAIR,-123.109669,41.429933
Rush Cr near mouth,SRU00_1,-123.050599,41.091094
Rush Cr Air,SRUAIR,-123.050599,41.091094
Sainte Claire Cr near mouth,SSC00_1,-123.171886,41.140758
SF Salmon R us Forks,SSF00_2,-123.320152,41.256752
SF Salmon R at Missouri Bar,SSF02_0,-123.304815,41.250225
SF Salmon ds Knownothing Cr,SSF02_5,-123.293063,41.243419
SF Salmon us Knownothing,SSF02_7,-123.289819,41.243963
SF Salmon R Below Hotelling Gulch,SSF03_0,-123.278393,41.239221
SF Salmon R at Henry Bell Gulch,SSF03_5,-123.283662,41.24406
SF Salmon R ds Methodist Cr,SSF06_1,-123.251,41.2237
SF Salmon R at us Methodist Cr,SSF06_4,-123.2492,41.2218
SF Salmon R us Indian Cr,SSF07_7,-123.2319,41.211
SF Salmon us Black Bear Cr,SSF08_5,-123.224345,41.203319
SF Salmon 12mp Pool,SSF12_0,-123.213841,41.164395
SF Salmon at Aquarium Pool below St. Claire,SSF15_5,-123.172956,41.14114
SF Salmon R us Orton Gulch,SSF16_5,-123.157494,41.141688
SF Salmon R ds Cecil Cr,SSF17_8,-123.1299,41.1395
SF Salmon R us Cecil Cr,SSF18_0,-123.1262,41.1397
SF Salmon ds EF,SSF19_1,-123.120514,41.148378
SF Salmon us EF,SSF20_0,-123.111358,41.152527
SF Salmon at Petersburg,SSF22_5,-123.093816,41.120922
SF Salmon ds Blindhorse Cr,SSF26_0,-123.054639,41.091385
SF Salmon at Big Flat,SSF33_7,-122.934,41.059
Shadow Cr near mouth,SSH00_1,-123.071739,41.201075
Somes Cr at mouth,SSO00_1,-123.455134,41.373603
Specimen Cr,SSP01_0,-123.1729,41.3458
Specimen Cr us King Cr,SSP03_0,-123.1617,41.3553
"Specimen Cr, Right Fk",SSP04_0,-123.1561,41.3583
Left Hand Fk Specimen Cr,SSP05_0,-123.1568,41.3588
S Russian Cr near mouth,SSR00_2,-123.057008,41.32619
Taylor Cr near mouth,STA00_1,-123.093611,41.171544
Uncles Cr near mouth,SUN00_1,-123.179636,41.378277
Whites Gulch ds Dam,SWH00_1,-123.083676,41.298215
Whites Gulch ds Dam,SWH00_7,-123.083,41.2906
Whites Gulch ds Dam,SWH01_1,-123.083,41.291
Wooley Cr near mouth,SWO00_1,-123.423031,41.377624
,,,
